date,province,index_type,unit,housing_price_index
1986-01-01,Ontario,Total (house and land),"Index, 201612=100",36.7
1986-02-01,Ontario,Total (house and land),"Index, 201612=100",37.3
1986-03-01,Ontario,Total (house and land),"Index, 201612=100",37.7
1986-04-01,Ontario,Total (house and land),"Index, 201612=100",38.0
1986-05-01,Ontario,Total (house and land),"Index, 201612=100",38.4
1986-06-01,Ontario,Total (house and land),"Index, 201612=100",38.8
1986-07-01,Ontario,Total (house and land),"Index, 201612=100",39.2
1986-08-01,Ontario,Total (house and land),"Index, 201612=100",39.9
1986-09-01,Ontario,Total (house and land),"Index, 201612=100",41.2
1986-10-01,Ontario,Total (house and land),"Index, 201612=100",41.8
1986-11-01,Ontario,Total (house and land),"Index, 201612=100",42.7
1986-12-01,Ontario,Total (house and land),"Index, 201612=100",43.1
1987-01-01,Ontario,Total (house and land),"Index, 201612=100",43.6
1987-02-01,Ontario,Total (house and land),"Index, 201612=100",44.5
1987-03-01,Ontario,Total (house and land),"Index, 201612=100",46.6
1987-04-01,Ontario,Total (house and land),"Index, 201612=100",47.4
1987-05-01,Ontario,Total (house and land),"Index, 201612=100",47.9
1987-06-01,Ontario,Total (house and land),"Index, 201612=100",48.2
1987-07-01,Ontario,Total (house and land),"Index, 201612=100",48.4
1987-08-01,Ontario,Total (house and land),"Index, 201612=100",48.6
1987-09-01,Ontario,Total (house and land),"Index, 201612=100",49.0
1987-10-01,Ontario,Total (house and land),"Index, 201612=100",49.2
1987-11-01,Ontario,Total (house and land),"Index, 201612=100",49.4
1987-12-01,Ontario,Total (house and land),"Index, 201612=100",49.6
1988-01-01,Ontario,Total (house and land),"Index, 201612=100",49.6
1988-02-01,Ontario,Total (house and land),"Index, 201612=100",50.3
1988-03-01,Ontario,Total (house and land),"Index, 201612=100",50.9
1988-04-01,Ontario,Total (house and land),"Index, 201612=100",52.4
1988-05-01,Ontario,Total (house and land),"Index, 201612=100",53.5
1988-06-01,Ontario,Total (house and land),"Index, 201612=100",54.1
1988-07-01,Ontario,Total (house and land),"Index, 201612=100",54.4
1988-08-01,Ontario,Total (house and land),"Index, 201612=100",55.1
1988-09-01,Ontario,Total (house and land),"Index, 201612=100",56.6
1988-10-01,Ontario,Total (house and land),"Index, 201612=100",57.1
1988-11-01,Ontario,Total (house and land),"Index, 201612=100",58.2
1988-12-01,Ontario,Total (house and land),"Index, 201612=100",59.5
1989-01-01,Ontario,Total (house and land),"Index, 201612=100",60.2
1989-02-01,Ontario,Total (house and land),"Index, 201612=100",61.9
1989-03-01,Ontario,Total (house and land),"Index, 201612=100",63.4
1989-04-01,Ontario,Total (house and land),"Index, 201612=100",63.9
1989-05-01,Ontario,Total (house and land),"Index, 201612=100",64.1
1989-06-01,Ontario,Total (house and land),"Index, 201612=100",64.5
1989-07-01,Ontario,Total (house and land),"Index, 201612=100",64.5
1989-08-01,Ontario,Total (house and land),"Index, 201612=100",64.5
1989-09-01,Ontario,Total (house and land),"Index, 201612=100",64.7
1989-10-01,Ontario,Total (house and land),"Index, 201612=100",64.9
1989-11-01,Ontario,Total (house and land),"Index, 201612=100",65.1
1989-12-01,Ontario,Total (house and land),"Index, 201612=100",65.3
1990-01-01,Ontario,Total (house and land),"Index, 201612=100",65.4
1990-02-01,Ontario,Total (house and land),"Index, 201612=100",65.3
1990-03-01,Ontario,Total (house and land),"Index, 201612=100",65.4
1990-04-01,Ontario,Total (house and land),"Index, 201612=100",64.9
1990-05-01,Ontario,Total (house and land),"Index, 201612=100",64.8
1990-06-01,Ontario,Total (house and land),"Index, 201612=100",63.6
1990-07-01,Ontario,Total (house and land),"Index, 201612=100",63.0
1990-08-01,Ontario,Total (house and land),"Index, 201612=100",62.4
1990-09-01,Ontario,Total (house and land),"Index, 201612=100",61.5
1990-10-01,Ontario,Total (house and land),"Index, 201612=100",60.8
1990-11-01,Ontario,Total (house and land),"Index, 201612=100",59.9
1990-12-01,Ontario,Total (house and land),"Index, 201612=100",59.8
1991-01-01,Ontario,Total (house and land),"Index, 201612=100",58.2
1991-02-01,Ontario,Total (house and land),"Index, 201612=100",56.4
1991-03-01,Ontario,Total (house and land),"Index, 201612=100",56.3
1991-04-01,Ontario,Total (house and land),"Index, 201612=100",56.0
1991-05-01,Ontario,Total (house and land),"Index, 201612=100",56.5
1991-06-01,Ontario,Total (house and land),"Index, 201612=100",56.4
1991-07-01,Ontario,Total (house and land),"Index, 201612=100",56.4
1991-08-01,Ontario,Total (house and land),"Index, 201612=100",56.2
1991-09-01,Ontario,Total (house and land),"Index, 201612=100",56.2
1991-10-01,Ontario,Total (house and land),"Index, 201612=100",56.0
1991-11-01,Ontario,Total (house and land),"Index, 201612=100",55.6
1991-12-01,Ontario,Total (house and land),"Index, 201612=100",55.6
1992-01-01,Ontario,Total (house and land),"Index, 201612=100",55.4
1992-02-01,Ontario,Total (house and land),"Index, 201612=100",54.8
1992-03-01,Ontario,Total (house and land),"Index, 201612=100",54.8
1992-04-01,Ontario,Total (house and land),"Index, 201612=100",54.8
1992-05-01,Ontario,Total (house and land),"Index, 201612=100",54.6
1992-06-01,Ontario,Total (house and land),"Index, 201612=100",54.6
1992-07-01,Ontario,Total (house and land),"Index, 201612=100",54.5
1992-08-01,Ontario,Total (house and land),"Index, 201612=100",54.4
1992-09-01,Ontario,Total (house and land),"Index, 201612=100",54.1
1992-10-01,Ontario,Total (house and land),"Index, 201612=100",54.1
1992-11-01,Ontario,Total (house and land),"Index, 201612=100",54.0
1992-12-01,Ontario,Total (house and land),"Index, 201612=100",54.0
1993-01-01,Ontario,Total (house and land),"Index, 201612=100",53.9
1993-02-01,Ontario,Total (house and land),"Index, 201612=100",53.6
1993-03-01,Ontario,Total (house and land),"Index, 201612=100",53.7
1993-04-01,Ontario,Total (house and land),"Index, 201612=100",53.7
1993-05-01,Ontario,Total (house and land),"Index, 201612=100",53.4
1993-06-01,Ontario,Total (house and land),"Index, 201612=100",53.7
1993-07-01,Ontario,Total (house and land),"Index, 201612=100",53.4
1993-08-01,Ontario,Total (house and land),"Index, 201612=100",53.6
1993-09-01,Ontario,Total (house and land),"Index, 201612=100",53.7
1993-10-01,Ontario,Total (house and land),"Index, 201612=100",53.4
1993-11-01,Ontario,Total (house and land),"Index, 201612=100",53.4
1993-12-01,Ontario,Total (house and land),"Index, 201612=100",53.4
1994-01-01,Ontario,Total (house and land),"Index, 201612=100",53.3
1994-02-01,Ontario,Total (house and land),"Index, 201612=100",53.1
1994-03-01,Ontario,Total (house and land),"Index, 201612=100",53.2
1994-04-01,Ontario,Total (house and land),"Index, 201612=100",53.3
1994-05-01,Ontario,Total (house and land),"Index, 201612=100",53.3
1994-06-01,Ontario,Total (house and land),"Index, 201612=100",53.5
1994-07-01,Ontario,Total (house and land),"Index, 201612=100",53.5
1994-08-01,Ontario,Total (house and land),"Index, 201612=100",53.6
1994-09-01,Ontario,Total (house and land),"Index, 201612=100",53.6
1994-10-01,Ontario,Total (house and land),"Index, 201612=100",53.6
1994-11-01,Ontario,Total (house and land),"Index, 201612=100",53.5
1994-12-01,Ontario,Total (house and land),"Index, 201612=100",53.6
1995-01-01,Ontario,Total (house and land),"Index, 201612=100",53.6
1995-02-01,Ontario,Total (house and land),"Index, 201612=100",53.6
1995-03-01,Ontario,Total (house and land),"Index, 201612=100",53.7
1995-04-01,Ontario,Total (house and land),"Index, 201612=100",53.6
1995-05-01,Ontario,Total (house and land),"Index, 201612=100",53.5
1995-06-01,Ontario,Total (house and land),"Index, 201612=100",53.3
1995-07-01,Ontario,Total (house and land),"Index, 201612=100",53.4
1995-08-01,Ontario,Total (house and land),"Index, 201612=100",53.4
1995-09-01,Ontario,Total (house and land),"Index, 201612=100",53.4
1995-10-01,Ontario,Total (house and land),"Index, 201612=100",53.3
1995-11-01,Ontario,Total (house and land),"Index, 201612=100",53.0
1995-12-01,Ontario,Total (house and land),"Index, 201612=100",53.2
1996-01-01,Ontario,Total (house and land),"Index, 201612=100",53.3
1996-02-01,Ontario,Total (house and land),"Index, 201612=100",52.9
1996-03-01,Ontario,Total (house and land),"Index, 201612=100",53.0
1996-04-01,Ontario,Total (house and land),"Index, 201612=100",52.8
1996-05-01,Ontario,Total (house and land),"Index, 201612=100",52.7
1996-06-01,Ontario,Total (house and land),"Index, 201612=100",52.8
1996-07-01,Ontario,Total (house and land),"Index, 201612=100",52.7
1996-08-01,Ontario,Total (house and land),"Index, 201612=100",52.8
1996-09-01,Ontario,Total (house and land),"Index, 201612=100",52.7
1996-10-01,Ontario,Total (house and land),"Index, 201612=100",52.8
1996-11-01,Ontario,Total (house and land),"Index, 201612=100",53.0
1996-12-01,Ontario,Total (house and land),"Index, 201612=100",53.0
1997-01-01,Ontario,Total (house and land),"Index, 201612=100",53.3
1997-02-01,Ontario,Total (house and land),"Index, 201612=100",53.4
1997-03-01,Ontario,Total (house and land),"Index, 201612=100",53.5
1997-04-01,Ontario,Total (house and land),"Index, 201612=100",53.7
1997-05-01,Ontario,Total (house and land),"Index, 201612=100",53.9
1997-06-01,Ontario,Total (house and land),"Index, 201612=100",53.9
1997-07-01,Ontario,Total (house and land),"Index, 201612=100",54.1
1997-08-01,Ontario,Total (house and land),"Index, 201612=100",54.1
1997-09-01,Ontario,Total (house and land),"Index, 201612=100",54.2
1997-10-01,Ontario,Total (house and land),"Index, 201612=100",54.2
1997-11-01,Ontario,Total (house and land),"Index, 201612=100",54.7
1997-12-01,Ontario,Total (house and land),"Index, 201612=100",54.7
1998-01-01,Ontario,Total (house and land),"Index, 201612=100",54.8
1998-02-01,Ontario,Total (house and land),"Index, 201612=100",54.9
1998-03-01,Ontario,Total (house and land),"Index, 201612=100",55.0
1998-04-01,Ontario,Total (house and land),"Index, 201612=100",55.1
1998-05-01,Ontario,Total (house and land),"Index, 201612=100",55.2
1998-06-01,Ontario,Total (house and land),"Index, 201612=100",55.3
1998-07-01,Ontario,Total (house and land),"Index, 201612=100",55.4
1998-08-01,Ontario,Total (house and land),"Index, 201612=100",55.4
1998-09-01,Ontario,Total (house and land),"Index, 201612=100",55.6
1998-10-01,Ontario,Total (house and land),"Index, 201612=100",55.7
1998-11-01,Ontario,Total (house and land),"Index, 201612=100",55.8
1998-12-01,Ontario,Total (house and land),"Index, 201612=100",55.7
1999-01-01,Ontario,Total (house and land),"Index, 201612=100",55.8
1999-02-01,Ontario,Total (house and land),"Index, 201612=100",55.8
1999-03-01,Ontario,Total (house and land),"Index, 201612=100",55.9
1999-04-01,Ontario,Total (house and land),"Index, 201612=100",55.9
1999-05-01,Ontario,Total (house and land),"Index, 201612=100",55.9
1999-06-01,Ontario,Total (house and land),"Index, 201612=100",56.0
1999-07-01,Ontario,Total (house and land),"Index, 201612=100",56.1
1999-08-01,Ontario,Total (house and land),"Index, 201612=100",56.3
1999-09-01,Ontario,Total (house and land),"Index, 201612=100",56.5
1999-10-01,Ontario,Total (house and land),"Index, 201612=100",56.6
1999-11-01,Ontario,Total (house and land),"Index, 201612=100",57.0
1999-12-01,Ontario,Total (house and land),"Index, 201612=100",57.1
2000-01-01,Ontario,Total (house and land),"Index, 201612=100",57.1
2000-02-01,Ontario,Total (house and land),"Index, 201612=100",57.4
2000-03-01,Ontario,Total (house and land),"Index, 201612=100",57.5
2000-04-01,Ontario,Total (house and land),"Index, 201612=100",57.6
2000-05-01,Ontario,Total (house and land),"Index, 201612=100",57.8
2000-06-01,Ontario,Total (house and land),"Index, 201612=100",57.8
2000-07-01,Ontario,Total (house and land),"Index, 201612=100",58.0
2000-08-01,Ontario,Total (house and land),"Index, 201612=100",58.1
2000-09-01,Ontario,Total (house and land),"Index, 201612=100",58.3
2000-10-01,Ontario,Total (house and land),"Index, 201612=100",58.4
2000-11-01,Ontario,Total (house and land),"Index, 201612=100",58.8
2000-12-01,Ontario,Total (house and land),"Index, 201612=100",58.9
2001-01-01,Ontario,Total (house and land),"Index, 201612=100",59.0
2001-02-01,Ontario,Total (house and land),"Index, 201612=100",59.1
2001-03-01,Ontario,Total (house and land),"Index, 201612=100",59.4
2001-04-01,Ontario,Total (house and land),"Index, 201612=100",59.5
2001-05-01,Ontario,Total (house and land),"Index, 201612=100",59.6
2001-06-01,Ontario,Total (house and land),"Index, 201612=100",59.8
2001-07-01,Ontario,Total (house and land),"Index, 201612=100",59.9
2001-08-01,Ontario,Total (house and land),"Index, 201612=100",60.0
2001-09-01,Ontario,Total (house and land),"Index, 201612=100",60.1
2001-10-01,Ontario,Total (house and land),"Index, 201612=100",60.1
2001-11-01,Ontario,Total (house and land),"Index, 201612=100",60.3
2001-12-01,Ontario,Total (house and land),"Index, 201612=100",60.3
2002-01-01,Ontario,Total (house and land),"Index, 201612=100",60.6
2002-02-01,Ontario,Total (house and land),"Index, 201612=100",61.0
2002-03-01,Ontario,Total (house and land),"Index, 201612=100",61.1
2002-04-01,Ontario,Total (house and land),"Index, 201612=100",61.4
2002-05-01,Ontario,Total (house and land),"Index, 201612=100",61.8
2002-06-01,Ontario,Total (house and land),"Index, 201612=100",61.9
2002-07-01,Ontario,Total (house and land),"Index, 201612=100",62.0
2002-08-01,Ontario,Total (house and land),"Index, 201612=100",62.4
2002-09-01,Ontario,Total (house and land),"Index, 201612=100",62.4
2002-10-01,Ontario,Total (house and land),"Index, 201612=100",62.9
2002-11-01,Ontario,Total (house and land),"Index, 201612=100",63.1
2002-12-01,Ontario,Total (house and land),"Index, 201612=100",63.2
2003-01-01,Ontario,Total (house and land),"Index, 201612=100",63.3
2003-02-01,Ontario,Total (house and land),"Index, 201612=100",63.6
2003-03-01,Ontario,Total (house and land),"Index, 201612=100",63.7
2003-04-01,Ontario,Total (house and land),"Index, 201612=100",63.9
2003-05-01,Ontario,Total (house and land),"Index, 201612=100",64.4
2003-06-01,Ontario,Total (house and land),"Index, 201612=100",64.5
2003-07-01,Ontario,Total (house and land),"Index, 201612=100",64.8
2003-08-01,Ontario,Total (house and land),"Index, 201612=100",65.2
2003-09-01,Ontario,Total (house and land),"Index, 201612=100",65.4
2003-10-01,Ontario,Total (house and land),"Index, 201612=100",65.6
2003-11-01,Ontario,Total (house and land),"Index, 201612=100",66.2
2003-12-01,Ontario,Total (house and land),"Index, 201612=100",66.3
2004-01-01,Ontario,Total (house and land),"Index, 201612=100",66.4
2004-02-01,Ontario,Total (house and land),"Index, 201612=100",66.7
2004-03-01,Ontario,Total (house and land),"Index, 201612=100",66.9
2004-04-01,Ontario,Total (house and land),"Index, 201612=100",67.5
2004-05-01,Ontario,Total (house and land),"Index, 201612=100",68.2
2004-06-01,Ontario,Total (house and land),"Index, 201612=100",68.8
2004-07-01,Ontario,Total (house and land),"Index, 201612=100",68.8
2004-08-01,Ontario,Total (house and land),"Index, 201612=100",69.2
2004-09-01,Ontario,Total (house and land),"Index, 201612=100",69.3
2004-10-01,Ontario,Total (house and land),"Index, 201612=100",69.4
2004-11-01,Ontario,Total (house and land),"Index, 201612=100",69.7
2004-12-01,Ontario,Total (house and land),"Index, 201612=100",69.9
2005-01-01,Ontario,Total (house and land),"Index, 201612=100",70.0
2005-02-01,Ontario,Total (house and land),"Index, 201612=100",70.2
2005-03-01,Ontario,Total (house and land),"Index, 201612=100",70.5
2005-04-01,Ontario,Total (house and land),"Index, 201612=100",70.8
2005-05-01,Ontario,Total (house and land),"Index, 201612=100",71.2
2005-06-01,Ontario,Total (house and land),"Index, 201612=100",71.8
2005-07-01,Ontario,Total (house and land),"Index, 201612=100",71.9
2005-08-01,Ontario,Total (house and land),"Index, 201612=100",72.0
2005-09-01,Ontario,Total (house and land),"Index, 201612=100",72.2
2005-10-01,Ontario,Total (house and land),"Index, 201612=100",72.5
2005-11-01,Ontario,Total (house and land),"Index, 201612=100",72.6
2005-12-01,Ontario,Total (house and land),"Index, 201612=100",72.6
2006-01-01,Ontario,Total (house and land),"Index, 201612=100",73.1
2006-02-01,Ontario,Total (house and land),"Index, 201612=100",73.3
2006-03-01,Ontario,Total (house and land),"Index, 201612=100",73.4
2006-04-01,Ontario,Total (house and land),"Index, 201612=100",73.6
2006-05-01,Ontario,Total (house and land),"Index, 201612=100",73.8
2006-06-01,Ontario,Total (house and land),"Index, 201612=100",74.1
2006-07-01,Ontario,Total (house and land),"Index, 201612=100",74.4
2006-08-01,Ontario,Total (house and land),"Index, 201612=100",74.8
2006-09-01,Ontario,Total (house and land),"Index, 201612=100",74.9
2006-10-01,Ontario,Total (house and land),"Index, 201612=100",74.8
2006-11-01,Ontario,Total (house and land),"Index, 201612=100",75.1
2006-12-01,Ontario,Total (house and land),"Index, 201612=100",75.1
2007-01-01,Ontario,Total (house and land),"Index, 201612=100",75.2
2007-02-01,Ontario,Total (house and land),"Index, 201612=100",75.3
2007-03-01,Ontario,Total (house and land),"Index, 201612=100",75.4
2007-04-01,Ontario,Total (house and land),"Index, 201612=100",75.4
2007-05-01,Ontario,Total (house and land),"Index, 201612=100",75.7
2007-06-01,Ontario,Total (house and land),"Index, 201612=100",76.1
2007-07-01,Ontario,Total (house and land),"Index, 201612=100",76.2
2007-08-01,Ontario,Total (house and land),"Index, 201612=100",76.5
2007-09-01,Ontario,Total (house and land),"Index, 201612=100",76.7
2007-10-01,Ontario,Total (house and land),"Index, 201612=100",76.7
2007-11-01,Ontario,Total (house and land),"Index, 201612=100",77.2
2007-12-01,Ontario,Total (house and land),"Index, 201612=100",77.3
2008-01-01,Ontario,Total (house and land),"Index, 201612=100",78.0
2008-02-01,Ontario,Total (house and land),"Index, 201612=100",78.4
2008-03-01,Ontario,Total (house and land),"Index, 201612=100",78.6
2008-04-01,Ontario,Total (house and land),"Index, 201612=100",78.7
2008-05-01,Ontario,Total (house and land),"Index, 201612=100",78.7
2008-06-01,Ontario,Total (house and land),"Index, 201612=100",79.0
2008-07-01,Ontario,Total (house and land),"Index, 201612=100",79.0
2008-08-01,Ontario,Total (house and land),"Index, 201612=100",79.1
2008-09-01,Ontario,Total (house and land),"Index, 201612=100",79.1
2008-10-01,Ontario,Total (house and land),"Index, 201612=100",79.1
2008-11-01,Ontario,Total (house and land),"Index, 201612=100",79.0
2008-12-01,Ontario,Total (house and land),"Index, 201612=100",79.1
2009-01-01,Ontario,Total (house and land),"Index, 201612=100",79.1
2009-02-01,Ontario,Total (house and land),"Index, 201612=100",79.1
2009-03-01,Ontario,Total (house and land),"Index, 201612=100",78.9
2009-04-01,Ontario,Total (house and land),"Index, 201612=100",78.5
2009-05-01,Ontario,Total (house and land),"Index, 201612=100",78.3
2009-06-01,Ontario,Total (house and land),"Index, 201612=100",78.3
2009-07-01,Ontario,Total (house and land),"Index, 201612=100",78.4
2009-08-01,Ontario,Total (house and land),"Index, 201612=100",78.5
2009-09-01,Ontario,Total (house and land),"Index, 201612=100",78.9
2009-10-01,Ontario,Total (house and land),"Index, 201612=100",79.1
2009-11-01,Ontario,Total (house and land),"Index, 201612=100",79.4
2009-12-01,Ontario,Total (house and land),"Index, 201612=100",79.9
2010-01-01,Ontario,Total (house and land),"Index, 201612=100",80.2
2010-02-01,Ontario,Total (house and land),"Index, 201612=100",80.0
2010-03-01,Ontario,Total (house and land),"Index, 201612=100",80.2
2010-04-01,Ontario,Total (house and land),"Index, 201612=100",80.3
2010-05-01,Ontario,Total (house and land),"Index, 201612=100",80.7
2010-06-01,Ontario,Total (house and land),"Index, 201612=100",80.9
2010-07-01,Ontario,Total (house and land),"Index, 201612=100",80.8
2010-08-01,Ontario,Total (house and land),"Index, 201612=100",81.0
2010-09-01,Ontario,Total (house and land),"Index, 201612=100",81.0
2010-10-01,Ontario,Total (house and land),"Index, 201612=100",81.2
2010-11-01,Ontario,Total (house and land),"Index, 201612=100",81.5
2010-12-01,Ontario,Total (house and land),"Index, 201612=100",81.6
2011-01-01,Ontario,Total (house and land),"Index, 201612=100",81.8
2011-02-01,Ontario,Total (house and land),"Index, 201612=100",82.2
2011-03-01,Ontario,Total (house and land),"Index, 201612=100",82.3
2011-04-01,Ontario,Total (house and land),"Index, 201612=100",82.8
2011-05-01,Ontario,Total (house and land),"Index, 201612=100",83.3
2011-06-01,Ontario,Total (house and land),"Index, 201612=100",83.8
2011-07-01,Ontario,Total (house and land),"Index, 201612=100",84.0
2011-08-01,Ontario,Total (house and land),"Index, 201612=100",84.2
2011-09-01,Ontario,Total (house and land),"Index, 201612=100",84.4
2011-10-01,Ontario,Total (house and land),"Index, 201612=100",84.7
2011-11-01,Ontario,Total (house and land),"Index, 201612=100",85.3
2011-12-01,Ontario,Total (house and land),"Index, 201612=100",85.4
2012-01-01,Ontario,Total (house and land),"Index, 201612=100",85.5
2012-02-01,Ontario,Total (house and land),"Index, 201612=100",85.9
2012-03-01,Ontario,Total (house and land),"Index, 201612=100",86.3
2012-04-01,Ontario,Total (house and land),"Index, 201612=100",86.5
2012-05-01,Ontario,Total (house and land),"Index, 201612=100",86.9
2012-06-01,Ontario,Total (house and land),"Index, 201612=100",87.2
2012-07-01,Ontario,Total (house and land),"Index, 201612=100",87.3
2012-08-01,Ontario,Total (house and land),"Index, 201612=100",87.5
2012-09-01,Ontario,Total (house and land),"Index, 201612=100",87.8
2012-10-01,Ontario,Total (house and land),"Index, 201612=100",88.0
2012-11-01,Ontario,Total (house and land),"Index, 201612=100",88.2
2012-12-01,Ontario,Total (house and land),"Index, 201612=100",88.4
2013-01-01,Ontario,Total (house and land),"Index, 201612=100",88.5
2013-02-01,Ontario,Total (house and land),"Index, 201612=100",88.5
2013-03-01,Ontario,Total (house and land),"Index, 201612=100",88.6
2013-04-01,Ontario,Total (house and land),"Index, 201612=100",88.7
2013-05-01,Ontario,Total (house and land),"Index, 201612=100",88.8
2013-06-01,Ontario,Total (house and land),"Index, 201612=100",88.8
2013-07-01,Ontario,Total (house and land),"Index, 201612=100",89.0
2013-08-01,Ontario,Total (house and land),"Index, 201612=100",89.1
2013-09-01,Ontario,Total (house and land),"Index, 201612=100",89.1
2013-10-01,Ontario,Total (house and land),"Index, 201612=100",89.2
2013-11-01,Ontario,Total (house and land),"Index, 201612=100",89.3
2013-12-01,Ontario,Total (house and land),"Index, 201612=100",89.4
2014-01-01,Ontario,Total (house and land),"Index, 201612=100",89.5
2014-02-01,Ontario,Total (house and land),"Index, 201612=100",89.8
2014-03-01,Ontario,Total (house and land),"Index, 201612=100",89.8
2014-04-01,Ontario,Total (house and land),"Index, 201612=100",90.2
2014-05-01,Ontario,Total (house and land),"Index, 201612=100",90.2
2014-06-01,Ontario,Total (house and land),"Index, 201612=100",90.4
2014-07-01,Ontario,Total (house and land),"Index, 201612=100",90.4
2014-08-01,Ontario,Total (house and land),"Index, 201612=100",90.7
2014-09-01,Ontario,Total (house and land),"Index, 201612=100",90.9
2014-10-01,Ontario,Total (house and land),"Index, 201612=100",91.0
2014-11-01,Ontario,Total (house and land),"Index, 201612=100",91.1
2014-12-01,Ontario,Total (house and land),"Index, 201612=100",91.2
2015-01-01,Ontario,Total (house and land),"Index, 201612=100",91.2
2015-02-01,Ontario,Total (house and land),"Index, 201612=100",91.4
2015-03-01,Ontario,Total (house and land),"Index, 201612=100",91.6
2015-04-01,Ontario,Total (house and land),"Index, 201612=100",91.8
2015-05-01,Ontario,Total (house and land),"Index, 201612=100",92.1
2015-06-01,Ontario,Total (house and land),"Index, 201612=100",92.6
2015-07-01,Ontario,Total (house and land),"Index, 201612=100",92.8
2015-08-01,Ontario,Total (house and land),"Index, 201612=100",93.3
2015-09-01,Ontario,Total (house and land),"Index, 201612=100",93.4
2015-10-01,Ontario,Total (house and land),"Index, 201612=100",93.8
2015-11-01,Ontario,Total (house and land),"Index, 201612=100",93.9
2015-12-01,Ontario,Total (house and land),"Index, 201612=100",94.1
2016-01-01,Ontario,Total (house and land),"Index, 201612=100",94.2
2016-02-01,Ontario,Total (house and land),"Index, 201612=100",94.6
2016-03-01,Ontario,Total (house and land),"Index, 201612=100",94.8
2016-04-01,Ontario,Total (house and land),"Index, 201612=100",95.3
2016-05-01,Ontario,Total (house and land),"Index, 201612=100",96.6
2016-06-01,Ontario,Total (house and land),"Index, 201612=100",97.0
2016-07-01,Ontario,Total (house and land),"Index, 201612=100",97.8
2016-08-01,Ontario,Total (house and land),"Index, 201612=100",98.2
2016-09-01,Ontario,Total (house and land),"Index, 201612=100",98.5
2016-10-01,Ontario,Total (house and land),"Index, 201612=100",99.5
2016-11-01,Ontario,Total (house and land),"Index, 201612=100",99.9
2016-12-01,Ontario,Total (house and land),"Index, 201612=100",100.0
2017-01-01,Ontario,Total (house and land),"Index, 201612=100",100.3
2017-02-01,Ontario,Total (house and land),"Index, 201612=100",101.1
2017-03-01,Ontario,Total (house and land),"Index, 201612=100",101.4
2017-04-01,Ontario,Total (house and land),"Index, 201612=100",103.0
2017-05-01,Ontario,Total (house and land),"Index, 201612=100",103.8
2017-06-01,Ontario,Total (house and land),"Index, 201612=100",103.9
2017-07-01,Ontario,Total (house and land),"Index, 201612=100",104.1
2017-08-01,Ontario,Total (house and land),"Index, 201612=100",104.2
2017-09-01,Ontario,Total (house and land),"Index, 201612=100",104.3
2017-10-01,Ontario,Total (house and land),"Index, 201612=100",104.4
2017-11-01,Ontario,Total (house and land),"Index, 201612=100",104.5
2017-12-01,Ontario,Total (house and land),"Index, 201612=100",104.5
2018-01-01,Ontario,Total (house and land),"Index, 201612=100",104.6
2018-02-01,Ontario,Total (house and land),"Index, 201612=100",104.3
2018-03-01,Ontario,Total (house and land),"Index, 201612=100",104.3
2018-04-01,Ontario,Total (house and land),"Index, 201612=100",104.1
2018-05-01,Ontario,Total (house and land),"Index, 201612=100",104.1
2018-06-01,Ontario,Total (house and land),"Index, 201612=100",104.2
2018-07-01,Ontario,Total (house and land),"Index, 201612=100",104.3
2018-08-01,Ontario,Total (house and land),"Index, 201612=100",104.4
2018-09-01,Ontario,Total (house and land),"Index, 201612=100",104.4
2018-10-01,Ontario,Total (house and land),"Index, 201612=100",104.5
2018-11-01,Ontario,Total (house and land),"Index, 201612=100",104.6
2018-12-01,Ontario,Total (house and land),"Index, 201612=100",104.6
2019-01-01,Ontario,Total (house and land),"Index, 201612=100",104.5
2019-02-01,Ontario,Total (house and land),"Index, 201612=100",104.5
2019-03-01,Ontario,Total (house and land),"Index, 201612=100",104.6
2019-04-01,Ontario,Total (house and land),"Index, 201612=100",104.6
2019-05-01,Ontario,Total (house and land),"Index, 201612=100",104.6
2019-06-01,Ontario,Total (house and land),"Index, 201612=100",104.7
2019-07-01,Ontario,Total (house and land),"Index, 201612=100",104.5
2019-08-01,Ontario,Total (house and land),"Index, 201612=100",104.5
2019-09-01,Ontario,Total (house and land),"Index, 201612=100",105.0
2019-10-01,Ontario,Total (house and land),"Index, 201612=100",105.2
2019-11-01,Ontario,Total (house and land),"Index, 201612=100",105.3
2019-12-01,Ontario,Total (house and land),"Index, 201612=100",105.5
2020-01-01,Ontario,Total (house and land),"Index, 201612=100",105.4
2020-02-01,Ontario,Total (house and land),"Index, 201612=100",105.9
2020-03-01,Ontario,Total (house and land),"Index, 201612=100",106.3
2020-04-01,Ontario,Total (house and land),"Index, 201612=100",106.4
2020-05-01,Ontario,Total (house and land),"Index, 201612=100",106.5
2020-06-01,Ontario,Total (house and land),"Index, 201612=100",106.7
2020-07-01,Ontario,Total (house and land),"Index, 201612=100",107.2
2020-08-01,Ontario,Total (house and land),"Index, 201612=100",107.7
2020-09-01,Ontario,Total (house and land),"Index, 201612=100",108.8
2020-10-01,Ontario,Total (house and land),"Index, 201612=100",109.5
2020-11-01,Ontario,Total (house and land),"Index, 201612=100",110.2
2020-12-01,Ontario,Total (house and land),"Index, 201612=100",110.8
2021-01-01,Ontario,Total (house and land),"Index, 201612=100",112.2
2021-02-01,Ontario,Total (house and land),"Index, 201612=100",113.7
2021-03-01,Ontario,Total (house and land),"Index, 201612=100",115.2
2021-04-01,Ontario,Total (house and land),"Index, 201612=100",117.4
2021-05-01,Ontario,Total (house and land),"Index, 201612=100",118.6
2021-06-01,Ontario,Total (house and land),"Index, 201612=100",119.3
2021-07-01,Ontario,Total (house and land),"Index, 201612=100",119.8
2021-08-01,Ontario,Total (house and land),"Index, 201612=100",121.1
2021-09-01,Ontario,Total (house and land),"Index, 201612=100",121.3
2021-10-01,Ontario,Total (house and land),"Index, 201612=100",122.8
2021-11-01,Ontario,Total (house and land),"Index, 201612=100",124.2
2021-12-01,Ontario,Total (house and land),"Index, 201612=100",124.4
2022-01-01,Ontario,Total (house and land),"Index, 201612=100",124.8
2022-02-01,Ontario,Total (house and land),"Index, 201612=100",125.6
2022-03-01,Ontario,Total (house and land),"Index, 201612=100",126.5
2022-04-01,Ontario,Total (house and land),"Index, 201612=100",126.8
2022-05-01,Ontario,Total (house and land),"Index, 201612=100",127.2
2022-06-01,Ontario,Total (house and land),"Index, 201612=100",127.5
2022-07-01,Ontario,Total (house and land),"Index, 201612=100",127.5
2022-08-01,Ontario,Total (house and land),"Index, 201612=100",127.6
2022-09-01,Ontario,Total (house and land),"Index, 201612=100",127.4
2022-10-01,Ontario,Total (house and land),"Index, 201612=100",127.4
2022-11-01,Ontario,Total (house and land),"Index, 201612=100",127.3
2022-12-01,Ontario,Total (house and land),"Index, 201612=100",127.3
2023-01-01,Ontario,Total (house and land),"Index, 201612=100",127.2
2023-02-01,Ontario,Total (house and land),"Index, 201612=100",126.8
2023-03-01,Ontario,Total (house and land),"Index, 201612=100",126.7
2023-04-01,Ontario,Total (house and land),"Index, 201612=100",126.4
2023-05-01,Ontario,Total (house and land),"Index, 201612=100",126.3
2023-06-01,Ontario,Total (house and land),"Index, 201612=100",126.3
2023-07-01,Ontario,Total (house and land),"Index, 201612=100",126.2
2023-08-01,Ontario,Total (house and land),"Index, 201612=100",125.8
2023-09-01,Ontario,Total (house and land),"Index, 201612=100",125.7
2023-10-01,Ontario,Total (house and land),"Index, 201612=100",125.6
2023-11-01,Ontario,Total (house and land),"Index, 201612=100",125.2
2023-12-01,Ontario,Total (house and land),"Index, 201612=100",125.1
2024-01-01,Ontario,Total (house and land),"Index, 201612=100",125.0
2024-02-01,Ontario,Total (house and land),"Index, 201612=100",125.0
2024-03-01,Ontario,Total (house and land),"Index, 201612=100",124.8
2024-04-01,Ontario,Total (house and land),"Index, 201612=100",124.8
2024-05-01,Ontario,Total (house and land),"Index, 201612=100",124.7
2024-06-01,Ontario,Total (house and land),"Index, 201612=100",124.5
2024-07-01,Ontario,Total (house and land),"Index, 201612=100",124.5
2024-08-01,Ontario,Total (house and land),"Index, 201612=100",124.5
2024-09-01,Ontario,Total (house and land),"Index, 201612=100",124.5
2024-10-01,Ontario,Total (house and land),"Index, 201612=100",123.6
2024-11-01,Ontario,Total (house and land),"Index, 201612=100",123.8
2024-12-01,Ontario,Total (house and land),"Index, 201612=100",123.6
2025-01-01,Ontario,Total (house and land),"Index, 201612=100",123.3
2025-02-01,Ontario,Total (house and land),"Index, 201612=100",123.4
2025-03-01,Ontario,Total (house and land),"Index, 201612=100",123.2
2025-04-01,Ontario,Total (house and land),"Index, 201612=100",122.7
2025-05-01,Ontario,Total (house and land),"Index, 201612=100",122.1
2025-06-01,Ontario,Total (house and land),"Index, 201612=100",122.0
2025-07-01,Ontario,Total (house and land),"Index, 201612=100",121.8
2025-08-01,Ontario,Total (house and land),"Index, 201612=100",121.6
2025-09-01,Ontario,Total (house and land),"Index, 201612=100",121.0
2025-10-01,Ontario,Total (house and land),"Index, 201612=100",120.3
2025-11-01,Ontario,Total (house and land),"Index, 201612=100",120.2
2025-12-01,Ontario,Total (house and land),"Index, 201612=100",120.0
2026-01-01,Ontario,Total (house and land),"Index, 201612=100",119.4
2026-02-01,Ontario,Total (house and land),"Index, 201612=100",119.3
2026-03-01,Ontario,Total (house and land),"Index, 201612=100",118.5
2026-04-01,Ontario,Total (house and land),"Index, 201612=100",117.9
2026-05-01,Ontario,Total (house and land),"Index, 201612=100",117.7
2026-06-01,Ontario,Total (house and land),"Index, 201612=100",117.8
2026-07-01,Ontario,Total (house and land),"Index, 201612=100",117.6
2026-08-01,Ontario,Total (house and land),"Index, 201612=100",117.5
